<?xml version="1.0" encoding="UTF-8"?>
<window>
	<defaultcontrol always="true"></defaultcontrol>
	<allowoverlay>no</allowoverlay>
	<include>16x9_xPos_Relocation</include>
	<include>Window_OpenClose_Animation_Zoom</include>
	<coordinates>
		<posx>140</posx>
		<posy>30</posy>
	</coordinates>
	<controls>
		<control type="image">
			<posx>0</posx>
			<posy>0</posy>
			<width>1000</width>
			<height>60</height>
			<texture border="5">DialogHeader.png</texture>
		</control>
		<control type="label">
			<description>header label</description>
			<posx>20</posx>
			<posy>0</posy>
			<include>WindowTitleCommons</include>
			<width>910</width>
			<label>$LOCALIZE[24003]</label>
		</control>
		<control type="group">
			<posx>930</posx>
			<posy>0</posy>
			<include>DialogCloseButtonCommons</include>
		</control>
		<control type="image">
			<posx>0</posx>
			<posy>60</posy>
			<width>1000</width>
			<height>840</height>
			<texture border="5">DialogBack.png</texture>
		</control>

		<control type="group">
			<posy>70</posy>
			<posx>20</posx>
			<control type="label">
				<description>Addon Title value</description>
				<posx>20</posx>
				<posy>0</posy>
				<width>960</width>
				<height>30</height>
				<align>center</align>
				<aligny>center</aligny>
				<font>font28_title</font>
				<label>$INFO[ListItem.Property(Addon.Name)]</label>
				<textcolor>black</textcolor>
				<scroll>true</scroll>
			</control>
			<control type="image">
				<posx>0</posx>
				<posy>40</posy>
				<width>260</width>
				<height>300</height>
				<aspectratio>keep</aspectratio>
				<bordertexture border="8">ThumbShadow.png</bordertexture>
				<bordersize>8</bordersize>
				<texture background="true">$INFO[ListItem.Icon]</texture>
			</control>
			<control type="label">
				<posx>280</posx>
				<posy>50</posy>
				<width>680</width>
				<height>30</height>
				<font>font13_title</font>
				<textcolor>black</textcolor>
				<align>left</align>
				<aligny>center</aligny>
				<label>$LOCALIZE[21821]$INFO[Container(601).CurrentPage, ( $LOCALIZE[31024] ]$INFO[Container(601).NumPages,/, )]</label>
			</control>
			<control type="textbox" id="601">
				<description>Description Value for Albums</description>
				<posx>280</posx>
				<posy>82</posy>
				<width>680</width>
				<height>298</height>
				<font>font13</font>
				<textcolor>black</textcolor>
				<pagecontrol>-</pagecontrol>
				<label>$INFO[ListItem.Property(Addon.Description)]</label>
			</control>
			<control type="image">
				<posx>0</posx>
				<posy>390</posy>
				<width>960</width>
				<height>5</height>
				<texture>separator.png</texture>
			</control>
			<control type="group">
				<posx>0</posx>
				<posy>420</posy>
				<control type="label">
					<description>Type txt</description>
					<posx>200</posx>
					<posy>0</posy>
					<width>200</width>
					<height>25</height>
					<label>$LOCALIZE[146]</label>
					<align>right</align>
					<aligny>center</aligny>
					<font>font13_title</font>
					<textcolor>black</textcolor>
				</control>
				<control type="label">
					<description>Type Value</description>
					<posx>210</posx>
					<posy>0</posy>
					<width>770</width>
					<height>25</height>
					<label fallback="416">$INFO[ListItem.Property(Addon.Type)]</label>
					<align>left</align>
					<aligny>center</aligny>
					<font>font13</font>
					<textcolor>black</textcolor>
					<scroll>true</scroll>
				</control>
				<control type="label">
					<description>Author txt</description>
					<posx>200</posx>
					<posy>30</posy>
					<width>200</width>
					<height>25</height>
					<label>$LOCALIZE[21863]:</label>
					<align>right</align>
					<aligny>center</aligny>
					<font>font13_title</font>
					<textcolor>black</textcolor>
				</control>
				<control type="label">
					<description>Author Value</description>
					<posx>210</posx>
					<posy>30</posy>
					<width>770</width>
					<height>25</height>
					<label fallback="416">$INFO[ListItem.Property(Addon.Creator)]</label>
					<align>left</align>
					<aligny>center</aligny>
					<font>font13</font>
					<textcolor>black</textcolor>
					<scroll>true</scroll>
				</control>
				<control type="label">
					<description>Version txt</description>
					<posx>200</posx>
					<posy>60</posy>
					<width>200</width>
					<height>25</height>
					<label>$LOCALIZE[24051]</label>
					<align>right</align>
					<aligny>center</aligny>
					<font>font13_title</font>
					<textcolor>black</textcolor>
				</control>
				<control type="label">
					<description>Version Value</description>
					<posx>210</posx>
					<posy>60</posy>
					<width>770</width>
					<height>25</height>
					<label fallback="416">$INFO[ListItem.Property(Addon.Version)]</label>
					<align>left</align>
					<aligny>center</aligny>
					<font>font13</font>
					<textcolor>black</textcolor>
					<scroll>true</scroll>
				</control>
				<control type="label">
					<description>Rating txt</description>
					<posx>200</posx>
					<posy>90</posy>
					<width>200</width>
					<height>25</height>
					<label>$LOCALIZE[563]:</label>
					<align>right</align>
					<aligny>center</aligny>
					<font>font13_title</font>
					<textcolor>black</textcolor>
				</control>
				<control type="image">
					<description>Rating value</description>
					<posx>208</posx>
					<posy>88</posy>
					<width>170</width>
					<height>34</height>
					<aspectratio align="left">keep</aspectratio>
					<texture>$INFO[ListItem.Property(Addon.StarRating),dark/left_rating/]</texture>
				</control>
				<control type="label">
					<description>Summary txt</description>
					<posx>200</posx>
					<posy>120</posy>
					<width>200</width>
					<height>25</height>
					<label>$LOCALIZE[20037]:</label>
					<align>right</align>
					<aligny>center</aligny>
					<font>font13_title</font>
					<textcolor>black</textcolor>
				</control>
				<control type="fadelabel">
					<description>Summary Value</description>
					<posx>210</posx>
					<posy>120</posy>
					<width>770</width>
					<height>25</height>
					<label fallback="416">$INFO[ListItem.Property(Addon.Summary)]</label>
					<align>left</align>
					<aligny>center</aligny>
					<font>font13</font>
					<textcolor>black</textcolor>
					<scrollout>false</scrollout>
					<pauseatend>2000</pauseatend>
				</control>
				<control type="label">
					<description>Disclaimer txt</description>
					<posx>200</posx>
					<posy>150</posy>
					<width>200</width>
					<height>25</height>
					<label>$LOCALIZE[24052]:</label>
					<align>right</align>
					<aligny>center</aligny>
					<font>font13_title</font>
					<textcolor>black</textcolor>
				</control>
				<control type="textbox">
					<description>Disclaimer</description>
					<posx>210</posx>
					<posy>148</posy>
					<width>770</width>
					<height>58</height>
					<font>font13</font>
					<textcolor>black</textcolor>
					<label fallback="231">$INFO[ListItem.Property(Addon.Disclaimer)]</label>
					<autoscroll time="2000" delay="3000" repeat="5000">true</autoscroll>
				</control>
			</control>
		</control>

		<control type="grouplist" id="9000">
			<posx>0</posx>
			<posy>830</posy>
			<width>1000</width>
			<height>50</height>
			<itemgap>2</itemgap>
			<align>center</align>
			<orientation>horizontal</orientation>
			<onleft>9000</onleft>
			<onright>9000</onright>
			<onup>50</onup>
			<ondown>49</ondown>
			<control type="button" id ="6">
				<description>Enable Addon button</description>
				<width>195</width>
				<include>ButtonInfoDialogsCommonValues</include>
				<label>24022</label>
			</control>
			<control type="button" id="7">
				<description>Disable Addon button</description>
				<width>195</width>
				<include>ButtonInfoDialogsCommonValues</include>
				<label>24021</label>
			</control>
			<control type="button" id="9">
				<description>Addon Settings</description>
				<width>195</width>
				<include>ButtonInfoDialogsCommonValues</include>
				<label>24020</label>
			</control>
			<control type="button" id="8">
				<description>Update Addon button</description>
				<width>195</width>
				<include>ButtonInfoDialogsCommonValues</include>
				<label>24069</label>
			</control>
			<control type="button" id="10">
				<description>Changelog button</description>
				<width>195</width>
				<include>ButtonInfoDialogsCommonValues</include>
				<label>24036</label>
			</control>
		</control>

		<control type="group">
			<include>VisibleFadeEffect</include>
			<control type="group">
				<visible>!IsEmpty(ListItem.Property(Addon.broken))</visible>
				<posx>40</posx>
				<posy>720</posy>
				<control type="image">
					<description>background image</description>
					<posx>0</posx>
					<posy>0</posy>
					<width>920</width>
					<height>100</height>
					<texture border="20">OverlayDialogBackground.png</texture>
				</control>
				<control type="image">
					<description>Icon image</description>
					<posx>18</posx>
					<posy>18</posy>
					<width>64</width>
					<height>64</height>
					<texture>DefaultIconError.png</texture>
				</control>
				<control type="label">
					<description>header label</description>
					<posx>100</posx>
					<posy>15</posy>
					<width>800</width>
					<height>25</height>
					<font>font13_title</font>
					<label>24096</label>
					<align>left</align>
					<aligny>center</aligny>
					<textcolor>selected</textcolor>
				</control>
				<control type="textbox">
					<description>Reason label</description>
					<posx>100</posx>
					<posy>37</posy>
					<width>800</width>
					<height>48</height>
					<font>font13</font>
					<label>$INFO[ListItem.Property(Addon.broken)]</label>
					<align>left</align>
					<textcolor>white</textcolor>
				</control>
			</control>
		</control>
	</controls>
</window>
