﻿<?xml version="1.0" encoding="UTF-8" standalone="yes"?>
<addon id="pluging.video.StalkerForever" name="Stalkerforever" version="2.0.0" provider-name="Chris XBMC-KING">
    <requires>
		<import addon="xbmc.python" version="2.14.0"/>
	</requires>
	<extension point="xbmc.python.pluginsource" library="addon.py">
		<provides>video</provides>
	</extension>
	<extension point="xbmc.service" library="server.py" start="startup" />
	<extension point="xbmc.addon.metadata">
		<platform>all</platform>
		<summary lang="en">StalkerForever</summary>
		<description lang="en">this is my first addon to the public lmk when this addon goes down</description>
		<license>GNU General Public License, v2</license>
		<language></language>
	
	</extension>
</addon>