<?xml version="1.0" encoding="utf-8" standalone="yes"?>
<settings>
  
    <category label="33001">
		<setting id="portal_name_1" type="text" label="30000" default="StalkerTv1" />
   	 	<setting id="portal_url_1" type="text" label="30001" default="http://portal.iptvprivateserver.tv" />
   	 	<setting label="30008" type="bool" id="custom_mac_1" default="true"/>
   	 	<setting id="portal_mac_1" type="text" label="30002" default="00:1A:78:23:23:23" visible="eq(-2,false)" />
   	 	
   	 	<setting label="30009" type="bool" id="send_serial_1" default="true"/>
   	 	<setting label="30014" type="bool" id="custom_serial_1" default="false" visible="eq(-1,true)"/>
   	 	<setting type="sep"/>
   	 	<setting label="30010" type="text" id="serial_number_1" default="" visible="eq(-2,true) + eq(-3,true)"/>
   	 	<setting label="30011" type="text" id="device_id_1" default="" visible="eq(-3,true) + eq(-4,true)"/>
   	 	<setting label="30012" type="text" id="device_id2_1" default="" visible="eq(-4,true) + eq(-5,true)"/>
   	 	<setting label="30013" type="text" id="signature_1" default="" visible="eq(-5,true) + eq(-6,true)"/>
    </category>
    
    <category label="33001">
		<setting id="portal_name_2" type="text" label="30000" default="StalkerTv2" />
   	 	<setting id="portal_url_2" type="text" label="30001" default="http://portal.iptvprivateserver.tv" />
   	 	<setting label="30008" type="bool" id="custom_mac_2" default="true"/>
   	 	<setting id="portal_mac_2" type="text" label="30002" default="00:1A:78:01:11:22" visible="eq(-2,false)" />
   	 	
   	 	<setting label="30009" type="bool" id="send_serial_2" default="true"/>
   	 	<setting label="30014" type="bool" id="custom_serial_2" default="false" visible="eq(-1,true)"/>
   	 	<setting type="sep"/>
   	 	<setting label="30010" type="text" id="serial_number_2" default="" visible="eq(-2,true) + eq(-3,true)"/>
   	 	<setting label="30011" type="text" id="device_id_2" default="" visible="eq(-3,true) + eq(-4,true)"/>
   	 	<setting label="30012" type="text" id="device_id2_2" default="" visible="eq(-4,true) + eq(-5,true)"/>
   	 	<setting label="30013" type="text" id="signature_2" default="" visible="eq(-5,true) + eq(-6,true)"/>
    </category>
    
    <category label="33001">
		<setting id="portal_name_3" type="text" label="30000" default="StalkerTv3" />
   	 	<setting id="portal_url_3" type="text" label="30001" default="http://portal.iptvprivateserver.tv" />
   	 	<setting label="30008" type="bool" id="custom_mac_3" default="true"/>
   	 	<setting id="portal_mac_3" type="text" label="30002" default="00:1A:78:78:23:56" visible="eq(-2,false)" />
   	 	
   	 	<setting label="30009" type="bool" id="send_serial_3" default="true"/>
   	 	<setting label="30014" type="bool" id="custom_serial_3" default="false" visible="eq(-1,true)"/>
   	 	<setting type="sep"/>
   	 	<setting label="30010" type="text" id="serial_number_3" default="" visible="eq(-2,true) + eq(-3,true)"/>
   	 	<setting label="30011" type="text" id="device_id_3" default="" visible="eq(-3,true) + eq(-4,true)"/>
   	 	<setting label="30012" type="text" id="device_id2_3" default="" visible="eq(-4,true) + eq(-5,true)"/>
   	 	<setting label="30013" type="text" id="signature_3" default="" visible="eq(-5,true) + eq(-6,true)"/>
    </category>
	
	     
    
    <category label="32002">
    	<setting label="30007" type="bool" id="parental" default="false"/>
    	<setting label="30006" type="text" id="password" option="hidden" default="0000"/>
    </category>
    
    <category label="33004">
    	<setting label="30015" type="bool" id="server_enable" default="False"/>
    	<setting label="30017" type="number" id="server_port" default="8899" visible="eq(-1,true)"/>
    	<setting type="sep"/>
    	<setting label="30016" type="action" visible="eq(-3,true)" action="XBMC.RunPlugin(plugin://plugin.video.StalkerAndy/?mode=server&action=start)"/>
    	<setting label="30018" type="action" visible="eq(-4,true)" action="XBMC.RunPlugin(plugin://plugin.video.StalkerAndy/?mode=server&action=stop)"/>

<settings>
	<category label="[COLOR red][B]ADD PATHS[/B][/COLOR]">
		<setting label="[B]URL to m3u playlist[/B]" type="text"  id="online_m3u" default="" />
		<setting label="[B]Local path to m3u playlist[/B]" type="file"  id="local_m3u" default="" />	
		<setting label="[COLOR red][B]URL to xml playlist[/B][/COLOR]" type="text"  id="online_xml" default="" />		
		<setting label="[COLOR red][B]Local path to xml playlist[/B][/COLOR]" type="file"  id="local_xml" default="" />			
	</category>
</settings>
    </category>
</settings>