<?xml version="1.0" encoding="UTF-8" standalone="yes"?>

<addon id="plugin.program.Andy"
 name="  [COLOR yellow]Andy[/COLOR] [COLOR red]Maintenance Tool[/COLOR]" 
 version="0.0.1" 
 provider-name="Andy">

  <requires>
    <import addon="xbmc.python" version="2.1.0"/>
    <import addon="script.module.addon.common" />
  </requires>
  
  <extension point="xbmc.python.pluginsource" library="default.py">
        <provides>executable</provides>
  </extension>
  
  <extension point="xbmc.addon.metadata">
    <summary lang="en">[COLOR yellow]Andy[/COLOR] [COLOR red]Maintenance Tool[/COLOR]</summary>
    <description lang="en">Maintenance Tool is your one stop tool for all fixes and information.
Addons:    \addons   Settings: \userdata
App Settings: \userdata\addon_data
Database:  \userdata\Database
Media:     \userdata\Thumbnails
Tweaks:    \userdata\Advancedsettings.xml
Paths:     \userdata\sources.xml
Profile:   \userdata\profiles\ProfileName</description>
    <platform>all</platform>
    <forum></forum>
    <website>https://raw.githubusercontent.com/halikus/_AndyRepo/master/_repo/</website>
  </extension>
  
</addon>