<window type="dialog" id="1113">
	<defaultcontrol>91</defaultcontrol>
	<allowoverlay>no</allowoverlay>
	<include>16x9_xPos_Relocation</include>
	<include>Window_OpenClose_Animation_Zoom</include>
	<coordinates>
		<system>1</system>
		<posx>-50</posx>
		<posy>0</posy>
	</coordinates>
	<controls>
		<control type="image">
			<posx>0</posx>
			<posy>0</posy>
			<width>1000</width>
			<height>60</height>
			<texture border="5">DialogHeader.png</texture>
		</control>
		<control type="label">
			<description>header label</description>
			<posx>20</posx>
			<posy>0</posy>
			<include>WindowTitleCommons</include>
			<width>910</width>
			<label>20077</label>
		</control>
		<control type="group">
			<posx>930</posx>
			<posy>0</posy>
			<include>DialogCloseButtonCommons</include>
		</control>
		<control type="image">
			<posx>0</posx>
			<posy>60</posy>
			<width>1000</width>
			<height>650</height>
			<texture border="5">DialogBack.png</texture>
		</control>

		<control type="group">
			<posx>20</posx>
			<posy>75</posy>
			<control type="button">
				<description>left Arrow</description>
				<posx>0</posx>
				<posy>0</posy>
				<width>40</width>
				<height>40</height>
				<texturefocus>arrow-big-left.png</texturefocus>
				<texturenofocus>arrow-big-left.png</texturenofocus>
				<onclick>Control.Move(9,-1)</onclick>
				<include>VisibleFadeEffect</include>
				<visible>Container(9).HasPrevious</visible>
			</control>
			<control type="button" id="11001">
				<description>right Arrow</description>
				<posx>920</posx>
				<posy>0</posy>
				<width>40</width>
				<height>40</height>
				<texturefocus>arrow-big-right.png</texturefocus>
				<texturenofocus>arrow-big-right.png</texturenofocus>
				<onclick>Control.Move(9,1)</onclick>
				<include>VisibleFadeEffect</include>
				<visible>Container(9).HasNext</visible>
			</control>
		</control>
		<control type="grouplist" id="9">
			<description>button area</description>
			<posx>60</posx>
			<posy>70</posy>
			<width>880</width>
			<height>50</height>
			<itemgap>5</itemgap>
			<align>center</align>
			<orientation>horizontal</orientation>
			<onleft>9</onleft>
			<onright>9</onright>
			<onup>2</onup>
			<ondown>100</ondown>
			<control type="button" id="91">
				<description>Home Button</description>
				<width>200</width>
				<include>ButtonInfoDialogsCommonValues</include>
				<label>10000</label>
				<onfocus>Skin.SetString(SkinSettings,1)</onfocus>
			</control>
			<control type="button" id="92">
				<description>Settings Button</description>
				<width>200</width>
				<include>ButtonInfoDialogsCommonValues</include>
				<label>Setting Buttons</label>
				<onfocus>Skin.SetString(SkinSettings,2)</onfocus>
				<ondown>200</ondown>
			</control>
		</control>
		<control type="grouplist" id="100">
			<description>control area</description>
			<posx>40</posx>
			<posy>140</posy>
			<width>920</width>
			<height>670</height>
			<itemgap>-1</itemgap>
			<pagecontrol>30</pagecontrol>
			<onup>9</onup>
			<ondown>9001</ondown>
			<onleft>2</onleft>
			<onright>30</onright>
			<visible>Skin.String(SkinSettings,1)</visible>
			<control type="label" id="101">
				<height>50</height>
				<width>920</width>
				<font>font30_title</font>
				<label>Skin Settings</label>
				<textcolor>black</textcolor>
				<align>center</align>
				<aligny>center</aligny>
			</control>
			<control type="radiobutton" id="111">
				<description>Show RadioTitle</description>
				<height>55</height>
				<width>920</width>
				<font>font24_title</font>
				<focusedcolor>blue</focusedcolor>
				<textcolor>black</textcolor>
				<texturefocus border="0,2,0,2">MenuItemNF.png</texturefocus>
				<texturenofocus border="0,2,0,2">MenuItemNF.png</texturenofocus>
				<label>Show Radio Station Name</label>
				<onclick>Skin.ToggleSetting(HideHomeButtonRadioStationName)</onclick>
				<selected>!Skin.HasSetting(HideHomeButtonRadioStationName)</selected>
			</control>
			<control type="radiobutton" id="102">
				<description>Show MusicPlayerTitle</description>
				<height>55</height>
				<width>920</width>
				<font>font24_title</font>
				<focusedcolor>blue</focusedcolor>
				<textcolor>black</textcolor>
				<texturefocus border="0,2,0,2">MenuItemNF.png</texturefocus>
				<texturenofocus border="0,2,0,2">MenuItemNF.png</texturenofocus>
				<label>Show Music Player Title</label>
				<onclick>Skin.ToggleSetting(HideHomeButtonMusicPlayerTitle)</onclick>
				<selected>!Skin.HasSetting(HideHomeButtonMusicPlayerTitle)</selected>
			</control>
			<control type="radiobutton" id="103">
				<description>Show Clock</description>
				<height>55</height>
				<width>920</width>
				<font>font24_title</font>
				<focusedcolor>blue</focusedcolor>
				<textcolor>black</textcolor>
				<texturefocus border="0,2,0,2">MenuItemNF.png</texturefocus>
				<texturenofocus border="0,2,0,2">MenuItemNF.png</texturenofocus>
				<label>Show Clock</label>
				<onclick>Skin.ToggleSetting(HideHomeButtonTime)</onclick>
				<selected>!Skin.HasSetting(HideHomeButtonTime)</selected>
			</control>
			<control type="radiobutton" id="104">
				<description>Hide TVShows</description>
				<height>55</height>
				<width>920</width>
				<font>font13</font>
				<textcolor>black</textcolor>
				<texturefocus border="0,2,0,2">MenuItemNF.png</texturefocus>
				<texturenofocus border="0,2,0,2">MenuItemNF.png</texturenofocus>
				<label>$LOCALIZE[20343]</label>
				<onclick>Skin.ToggleSetting(HideHomeButtonTVShows)</onclick>
				<selected>!Skin.HasSetting(HideHomeButtonTVShows)</selected>
				<enable>Library.HasContent(TVShows)</enable>
		</control>-->
		
			<control type="radiobutton" id="105">
				<description>Show Weather info and button</description>
				<height>55</height>
				<width>920</width>
				<font>font24_title</font>
				<focusedcolor>blue</focusedcolor>
				<textcolor>black</textcolor>
				<texturefocus border="0,2,0,2">MenuItemNF.png</texturefocus>
				<texturenofocus border="0,2,0,2">MenuItemNF.png</texturenofocus>
				<label>Show Weather info and button</label>
				<onclick>Skin.ToggleSetting(HideHomeButtonWeather)</onclick>
				<selected>!Skin.HasSetting(HideHomeButtonWeather)</selected>
			</control>
			
			<control type="radiobutton" id="106">
				<description>Show Logob</description>
				<height>55</height>
				<width>920</width>
				<font>font24_title</font>
				<focusedcolor>blue</focusedcolor>
				<textcolor>black</textcolor>
				<texturefocus border="0,2,0,2">MenuItemNF.png</texturefocus>
				<texturenofocus border="0,2,0,2">MenuItemNF.png</texturenofocus>
				<label>Show LogoBackground</label>
				<onclick>Skin.ToggleSetting(HideHomeButtonLogob)</onclick>
				<selected>!Skin.HasSetting(HideHomeButtonLogob)</selected>
			</control>
			        
					
					<control type="radiobutton" id="107">
						<height>55</height>
			        	<width>920</width>
						<font>font24_title</font>
						<label>Custom Background</label>
						<textcolor>black</textcolor>
						<focusedcolor>blue</focusedcolor>
						<texturefocus border="0,2,0,2">MenuItemNF.png</texturefocus>
				        <texturenofocus border="0,2,0,2">MenuItemNF.png</texturenofocus>
						<onclick>Skin.ToggleSetting(UseCustomBackground)</onclick>
						<selected>Skin.HasSetting(UseCustomBackground)</selected>
					</control>
					
					<control type="button" id="108">
						<height>55</height>
			        	<width>920</width>
						<font>font24_title</font>
						<label>Custom Background Path:</label>
						<label2>[COLOR=selected]$INFO[Skin.String(CustomBackgroundPath)][/COLOR]</label2>
						<textcolor>black</textcolor>
						<focusedcolor>blue</focusedcolor>
						<texturefocus border="0,2,0,2">MenuItemNF.png</texturefocus>
				        <texturenofocus border="0,2,0,2">MenuItemNF.png</texturenofocus>
						<onclick>Skin.SetImage(CustomBackgroundPath)</onclick>
						<enable>Skin.HasSetting(UseCustomBackground)</enable>
					</control>
					<control type="radiobutton" id="109">
						<height>55</height>
			        	<width>920</width>
						<font>font24_title</font>
						<label>Custom Logo</label>
						<textcolor>black</textcolor>
						<focusedcolor>blue</focusedcolor>
						<texturefocus border="0,2,0,2">MenuItemNF.png</texturefocus>
				        <texturenofocus border="0,2,0,2">MenuItemNF.png</texturenofocus>
						<onclick>Skin.ToggleSetting(UseCustomLogo)</onclick>
						<selected>Skin.HasSetting(UseCustomLogo)</selected>
					</control>
					<control type="button" id="110">
						<height>55</height>
			        	<width>920</width>
						<font>font24_title</font>
						<label>Custom Logo Path:</label>
						<label2>[COLOR=selected]$INFO[Skin.String(CustomLogoPath)][/COLOR]</label2>
						<textcolor>black</textcolor>
						<focusedcolor>blue</focusedcolor>
						<texturefocus border="0,2,0,2">MenuItemNF.png</texturefocus>
				        <texturenofocus border="0,2,0,2">MenuItemNF.png</texturenofocus>
						<onclick>Skin.SetImage(CustomLogoPath)</onclick>
						<enable>Skin.HasSetting(UseCustomLogo)</enable>
					</control>
		</control>
		<control type="grouplist" id="200">
			<description>control area</description>
			<posx>40</posx>
			<posy>140</posy>
			<width>920</width>
			<height>750</height>
			<itemgap>-1</itemgap>
			<pagecontrol>30</pagecontrol>
			<onup>9</onup>
			<ondown>9001</ondown>
			<onleft>2</onleft>
			<onright>30</onright>
			<visible>Skin.String(SkinSettings,2)</visible>
			
			<control type="radiobutton" id="202">
				<description>Button 2 Show Pictures</description>
				<height>55</height>
				<width>920</width>
				<font>font24_title</font>
				<focusedcolor>blue</focusedcolor>
				<textcolor>black</textcolor>
				<texturefocus border="0,2,0,2">MenuItemNF.png</texturefocus>
				<texturenofocus border="0,2,0,2">MenuItemNF.png</texturenofocus>
				<label>Show Pictures Button 2</label>
				<onclick>Skin.ToggleSetting(HideHomeButtonPictures)</onclick>
				<selected>!Skin.HasSetting(HideHomeButtonPictures)</selected>
			</control>
			
			<control type="radiobutton" id="204">
				<description>Button 3 Show Favourites</description>
				<height>55</height>
				<width>920</width>
				<font>font24_title</font>
				<focusedcolor>blue</focusedcolor>
				<textcolor>black</textcolor>
				<texturefocus border="0,2,0,2">MenuItemNF.png</texturefocus>
				<texturenofocus border="0,2,0,2">MenuItemNF.png</texturenofocus>
				<label>Show Favourites Button 3</label>
				<onclick>Skin.ToggleSetting(HideHomeButtonFavourites)</onclick>
				<selected>!Skin.HasSetting(HideHomeButtonFavourites)</selected>
			</control>
			<control type="radiobutton" id="205">
				<description>File Manager</description>
				<height>55</height>
				<width>920</width>
				<font>font24_title</font>
				<focusedcolor>blue</focusedcolor>
				<textcolor>black</textcolor>
				<texturefocus border="0,2,0,2">MenuItemNF.png</texturefocus>
				<texturenofocus border="0,2,0,2">MenuItemNF.png</texturenofocus>
				<label>Show Button File Manager</label>
				<onclick>Skin.ToggleSetting(HideHomeButtonFileManager)</onclick>
				<selected>!Skin.HasSetting(HideHomeButtonFileManager)</selected>
			</control>
			<control type="radiobutton" id="206">
				<description>Connect3g</description>
				<height>55</height>
				<width>920</width>
				<font>font24_title</font>
				<focusedcolor>blue</focusedcolor>
				<textcolor>black</textcolor>
				<texturefocus border="0,2,0,2">MenuItemNF.png</texturefocus>
				<texturenofocus border="0,2,0,2">MenuItemNF.png</texturenofocus>
				<label>Show Connect3g Button</label>
				<onclick>Skin.ToggleSetting(HideHomeButtonConnect3g)</onclick>
				<selected>!Skin.HasSetting(HideHomeButtonConnect3g)</selected>
			</control>
			
			<!--<control type="label" id="205">
				<height>50</height>
				<width>920</width>
				<font>font13_title</font>
				<label>31503</label>
				<textcolor>black</textcolor>
				<align>center</align>
				<aligny>center</aligny>
			</control>
			<control type="button" id="206">
				<description>Subtitle Script Button</description>
				<height>55</height>
				<width>920</width>
				<font>font13</font>
				<textcolor>black</textcolor>
				<texturefocus border="0,2,0,2">MenuItemNF.png</texturefocus>
				<texturenofocus border="0,2,0,2">MenuItemNF.png</texturenofocus>
				<label>$LOCALIZE[31552]</label>
				<label2>$INFO[system.addontitle(Skin.String(SubtitleScript_Path))]</label2>
				<onclick>Skin.SetAddon(SubtitleScript_Path,xbmc.python.subtitles)</onclick>
			</control>-->
			
	</control>
		
		<control type="scrollbar" id="30">
			<posx>975</posx>
			<posy>120</posy>
			<width>19</width>
			<height>700</height>
			<texturesliderbackground border="0,14,0,14">ScrollBarV.png</texturesliderbackground>
			<texturesliderbar border="0,14,0,14">ScrollBarV_bar.png</texturesliderbar>
			<texturesliderbarfocus border="0,14,0,14">ScrollBarV_bar_focus.png</texturesliderbarfocus>
			<textureslidernib>ScrollBarNib.png</textureslidernib>
			<textureslidernibfocus>ScrollBarNib.png</textureslidernibfocus>
			<onleft>2</onleft>
			<onright>9</onright>
			<showonepage>false</showonepage>
			<orientation>vertical</orientation>
		</control>
	</controls>
</window>
