<?xml version="1.0" encoding="UTF-8"?>
<window>
	<defaultcontrol always="true">12</defaultcontrol>
	<allowoverlay>no</allowoverlay>
	<include>16x9_xPos_Relocation</include>
	<include>Window_OpenClose_Animation_Zoom</include>
	<coordinates>
		<posx>9</posx>
		<posy>30</posy>
	</coordinates>
	<controls>
		<control type="image">
			<posx>0</posx>
			<posy>0</posy>
			<width>1260</width>
			<height>60</height>
			<texture border="5">DialogHeader.png</texture>
		</control>
		<control type="label">
			<posx>20</posx>
			<posy>0</posy>
			<include>WindowTitleCommons</include>
			<width>1170</width>
			<label>$LOCALIZE[19143] - $LOCALIZE[19023]</label>
			<visible>IsEmpty(Window.Property(IsRadio))</visible>
		</control>
		<control type="label">
			<posx>20</posx>
			<posy>0</posy>
			<include>WindowTitleCommons</include>
			<width>1170</width>
			<label>$LOCALIZE[19143] - $LOCALIZE[19024]</label>
			<visible>!IsEmpty(Window.Property(IsRadio))</visible>
		</control>
		<control type="group">
			<posx>1180</posx>
			<posy>0</posy>
			<include>DialogCloseButtonCommons</include>
		</control>
		<control type="image">
			<posx>0</posx>
			<posy>60</posy>
			<width>1260</width>
			<height>840</height>
			<texture border="5">DialogBack.png</texture>
		</control>
		<control type="label" id="22">
			<posx>20</posx>
			<posy>80</posy>
			<width>600</width>
			<height>30</height>
			<font>font13</font>
			<textcolor>black</textcolor>
			<align>center</align>
			<aligny>center</aligny>
		</control>
		<control type="list" id="12">
			<posx>20</posx>
			<posy>120</posy>
			<width>600</width>
			<height>402</height>
			<onleft>11</onleft>
			<onright>60</onright>
			<onup>9000</onup>
			<ondown>13</ondown>
			<pagecontrol>60</pagecontrol>
			<scrolltime>200</scrolltime>
			<itemlayout height="50" width="600">
				<control type="image">
					<posx>0</posx>
					<posy>0</posy>
					<width>600</width>
					<height>51</height>
					<texture border="5">MenuItemNF.png</texture>
				</control>
				<control type="image">
					<posx>10</posx>
					<posy>2</posy>
					<width>47</width>
					<height>47</height>
					<texture background="true">$INFO[ListItem.Icon]</texture>
					<aspectratio>keep</aspectratio>
				</control>
				<control type="label">
					<posx>70</posx>
					<posy>0</posy>
					<width>500</width>
					<height>50</height>
					<font>font13</font>
					<align>left</align>
					<aligny>center</aligny>
					<textcolor>black</textcolor>
					<selectedcolor>selected</selectedcolor>
					<label>$INFO[ListItem.Label]</label>
				</control>
			</itemlayout>
			<focusedlayout height="50" width="600">
				<control type="image">
					<posx>0</posx>
					<posy>0</posy>
					<width>600</width>
					<height>51</height>
					<texture border="5">MenuItemNF.png</texture>
				</control>
				<control type="image">
					<posx>10</posx>
					<posy>2</posy>
					<width>47</width>
					<height>47</height>
					<texture background="true">$INFO[ListItem.Icon]</texture>
					<aspectratio>keep</aspectratio>
				</control>
				<control type="label">
					<posx>70</posx>
					<posy>0</posy>
					<width>500</width>
					<height>50</height>
					<font>font13</font>
					<align>left</align>
					<aligny>center</aligny>
					<textcolor>black</textcolor>
					<selectedcolor>selected</selectedcolor>
					<label>$INFO[ListItem.Label]</label>
				</control>
			</focusedlayout>
		</control>
		<control type="scrollbar" id="60">
			<posx>590</posx>
			<posy>120</posy>
			<width>29</width>
			<height>402</height>
			<texturesliderbackground border="0,14,0,14">ScrollBarV.png</texturesliderbackground>
			<texturesliderbar border="0,14,0,14">ScrollBarV_bar.png</texturesliderbar>
			<texturesliderbarfocus border="0,14,0,14">ScrollBarV_bar_focus.png</texturesliderbarfocus>
			<textureslidernib>ScrollBarNib.png</textureslidernib>
			<textureslidernibfocus>ScrollBarNib.png</textureslidernibfocus>
			<onleft>12</onleft>
			<onright>11</onright>
			<ondown>60</ondown>
			<onup>60</onup>
			<showonepage>false</showonepage>
			<orientation>vertical</orientation>
			<animation effect="fade" time="150">Visible</animation>
			<animation effect="fade" time="150">Hidden</animation>
		</control>
		<control type="label">
			<description>Page label</description>
			<posx>590</posx>
			<posy>530</posy>
			<width>600</width>
			<height>30</height>
			<align>right</align>
			<aligny>center</aligny>
			<font>font13</font>
			<textcolor>black</textcolor>
			<label>($INFO[Container(12).NumItems]) $LOCALIZE[31025] - $LOCALIZE[31024] ($INFO[Container(12).CurrentPage]/$INFO[Container(12).NumPages])</label>
		</control>
		<control type="label" id="21">
			<posx>620</posx>
			<posy>80</posy>
			<width>600</width>
			<height>30</height>
			<font>font13</font>
			<textcolor>black</textcolor>
			<align>center</align>
			<aligny>center</aligny>
		</control>
		<control type="list" id="11">
			<posx>620</posx>
			<posy>120</posy>
			<width>600</width>
			<height>402</height>
			<onleft>12</onleft>
			<onright>61</onright>
			<onup>9000</onup>
			<ondown>13</ondown>
			<pagecontrol>61</pagecontrol>
			<scrolltime>200</scrolltime>
			<itemlayout height="50" width="600">
				<control type="image">
					<posx>0</posx>
					<posy>0</posy>
					<width>600</width>
					<height>51</height>
					<texture border="5">MenuItemNF.png</texture>
				</control>
				<control type="image">
					<posx>10</posx>
					<posy>2</posy>
					<width>47</width>
					<height>47</height>
					<texture background="true">$INFO[ListItem.Icon]</texture>
					<aspectratio>keep</aspectratio>
				</control>
				<control type="label">
					<posx>70</posx>
					<posy>0</posy>
					<width>500</width>
					<height>50</height>
					<font>font13</font>
					<align>left</align>
					<aligny>center</aligny>
					<textcolor>black</textcolor>
					<selectedcolor>selected</selectedcolor>
					<label>$INFO[ListItem.Label]</label>
				</control>
			</itemlayout>
			<focusedlayout height="50" width="600">
				<control type="image">
					<posx>0</posx>
					<posy>0</posy>
					<width>600</width>
					<height>51</height>
					<texture border="5">MenuItemNF.png</texture>
				</control>
				<control type="image">
					<posx>10</posx>
					<posy>2</posy>
					<width>47</width>
					<height>47</height>
					<texture background="true">$INFO[ListItem.Icon]</texture>
					<aspectratio>keep</aspectratio>
				</control>
				<control type="label">
					<posx>70</posx>
					<posy>0</posy>
					<width>500</width>
					<height>50</height>
					<font>font13</font>
					<align>left</align>
					<aligny>center</aligny>
					<textcolor>black</textcolor>
					<selectedcolor>selected</selectedcolor>
					<label>$INFO[ListItem.Label]</label>
				</control>
			</focusedlayout>
		</control>
		<control type="scrollbar" id="61">
			<posx>1220</posx>
			<posy>120</posy>
			<width>29</width>
			<height>402</height>
			<texturesliderbackground border="0,14,0,14">ScrollBarV.png</texturesliderbackground>
			<texturesliderbar border="0,14,0,14">ScrollBarV_bar.png</texturesliderbar>
			<texturesliderbarfocus border="0,14,0,14">ScrollBarV_bar_focus.png</texturesliderbarfocus>
			<textureslidernib>ScrollBarNib.png</textureslidernib>
			<textureslidernibfocus>ScrollBarNib.png</textureslidernibfocus>
			<onleft>11</onleft>
			<onright>12</onright>
			<ondown>61</ondown>
			<onup>61</onup>
			<showonepage>false</showonepage>
			<orientation>vertical</orientation>
			<animation effect="fade" time="150">Visible</animation>
			<animation effect="fade" time="150">Hidden</animation>
		</control>
		<control type="label">
			<description>Page label</description>
			<posx>1220</posx>
			<posy>530</posy>
			<width>600</width>
			<height>30</height>
			<align>right</align>
			<aligny>center</aligny>
			<font>font13</font>
			<textcolor>black</textcolor>
			<label>($INFO[Container(11).NumItems]) $LOCALIZE[31025] - $LOCALIZE[31024] ($INFO[Container(11).CurrentPage]/$INFO[Container(11).NumPages])</label>
		</control>
		<control type="label">
			<posx>20</posx>
			<posy>580</posy>
			<width>1200</width>
			<height>30</height>
			<label>$LOCALIZE[31560]</label>
			<font>font13</font>
			<textcolor>black</textcolor>
			<align>center</align>
			<aligny>center</aligny>
		</control>
		<control type="list" id="13">
			<posx>20</posx>
			<posy>620</posy>
			<width>1200</width>
			<height>152</height>
			<onleft>62</onleft>
			<onright>62</onright>
			<onup>12</onup>
			<ondown>9000</ondown>
			<pagecontrol>62</pagecontrol>
			<scrolltime>200</scrolltime>
			<itemlayout height="50" width="1200">
				<control type="image">
					<posx>0</posx>
					<posy>0</posy>
					<width>1200</width>
					<height>51</height>
					<texture border="5">MenuItemNF.png</texture>
				</control>
				<control type="image">
					<posx>10</posx>
					<posy>2</posy>
					<width>47</width>
					<height>47</height>
					<texture background="true">$INFO[ListItem.Icon]</texture>
					<aspectratio>keep</aspectratio>
				</control>
				<control type="label">
					<posx>70</posx>
					<posy>0</posy>
					<width>1100</width>
					<height>50</height>
					<font>font13</font>
					<align>left</align>
					<aligny>center</aligny>
					<textcolor>black</textcolor>
					<selectedcolor>selected</selectedcolor>
					<label>$INFO[ListItem.Label]</label>
				</control>
			</itemlayout>
			<focusedlayout height="50" width="1200">
				<control type="image">
					<posx>0</posx>
					<posy>0</posy>
					<width>1200</width>
					<height>51</height>
					<texture border="5">MenuItemNF.png</texture>
				</control>
				<control type="image">
					<posx>10</posx>
					<posy>2</posy>
					<width>47</width>
					<height>47</height>
					<texture background="true">$INFO[ListItem.Icon]</texture>
					<aspectratio>keep</aspectratio>
				</control>
				<control type="label">
					<posx>70</posx>
					<posy>0</posy>
					<width>1100</width>
					<height>50</height>
					<font>font13</font>
					<align>left</align>
					<aligny>center</aligny>
					<textcolor>black</textcolor>
					<selectedcolor>selected</selectedcolor>
					<label>$INFO[ListItem.Label]</label>
				</control>
			</focusedlayout>
		</control>
		<control type="scrollbar" id="62">
			<posx>1220</posx>
			<posy>120</posy>
			<width>29</width>
			<height>152</height>
			<texturesliderbackground border="0,14,0,14">ScrollBarV.png</texturesliderbackground>
			<texturesliderbar border="0,14,0,14">ScrollBarV_bar.png</texturesliderbar>
			<texturesliderbarfocus border="0,14,0,14">ScrollBarV_bar_focus.png</texturesliderbarfocus>
			<textureslidernib>ScrollBarNib.png</textureslidernib>
			<textureslidernibfocus>ScrollBarNib.png</textureslidernibfocus>
			<onleft>13</onleft>
			<onright>13</onright>
			<ondown>62</ondown>
			<onup>62</onup>
			<showonepage>false</showonepage>
			<orientation>vertical</orientation>
			<animation effect="fade" time="150">Visible</animation>
			<animation effect="fade" time="150">Hidden</animation>
		</control>
		<control type="label">
			<description>Page label</description>
			<posx>1220</posx>
			<posy>780</posy>
			<width>600</width>
			<height>30</height>
			<align>right</align>
			<aligny>center</aligny>
			<font>font13</font>
			<textcolor>black</textcolor>
			<label>($INFO[Container(13).NumItems]) $LOCALIZE[31025] - $LOCALIZE[31024] ($INFO[Container(13).CurrentPage]/$INFO[Container(13).NumPages])</label>
		</control>
		<control type="grouplist" id="9000">
			<posx>100</posx>
			<posy>830</posy>
			<width>1080</width>
			<height>50</height>
			<itemgap>5</itemgap>
			<align>center</align>
			<orientation>horizontal</orientation>
			<onleft>9000</onleft>
			<onright>9000</onright>
			<onup>13</onup>
			<ondown>12</ondown>
			<control type="button" id="26">
				<description>Add button</description>
				<width>200</width>
				<include>ButtonInfoDialogsCommonValues</include>
				<label>31561</label>
			</control>
			<control type="button" id="27">
				<description>Rename button</description>
				<width>200</width>
				<include>ButtonInfoDialogsCommonValues</include>
				<label>31562</label>
			</control>
			<control type="button" id="25">
				<description>Hide button</description>
				<width>200</width>
				<include>ButtonInfoDialogsCommonValues</include>
				<label>19289</label>
			</control>
			<control type="button" id="28">
				<description>Delete button</description>
				<width>200</width>
				<include>ButtonInfoDialogsCommonValues</include>
				<label>31563</label>
			</control>
			<control type="button" id="29">
				<description>OK button</description>
				<width>200</width>
				<include>ButtonInfoDialogsCommonValues</include>
				<label>186</label>
			</control>
		</control>
	</controls>
</window>
