<?xml version="1.0" encoding="UTF-8"?>
<window>
	<defaultcontrol always="true">11</defaultcontrol>
	<include>16x9_xPos_Relocation</include>
	<include>Window_OpenClose_Animation_Zoom</include>
	<coordinates>
		<posx>240</posx>
		<posy>80</posy>
	</coordinates>
	<controls>
		<control type="image">
			<description>Shadow Background for dialogs without BehindDialogFadeOut include</description>
			<posx>-30</posx>
			<posy>-30</posy>
			<width>860</width>
			<height>840</height>
			<texture border="30">DialogShadow.png</texture>
		</control>
		<control type="image">
			<posx>0</posx>
			<posy>0</posy>
			<width>800</width>
			<height>60</height>
			<texture border="5">DialogHeader.png</texture>
		</control>
		<control type="image">
			<posx>0</posx>
			<posy>60</posy>
			<width>800</width>
			<height>720</height>
			<texture border="5">DialogBack.png</texture>
		</control>
		<control type="label">
			<description>header label</description>
			<posx>20</posx>
			<posy>0</posy>
			<include>WindowTitleCommons</include>
			<width>700</width>
			<label>$LOCALIZE[19019]</label>
		</control>
		<control type="group">
			<posx>730</posx>
			<posy>0</posy>
			<include>DialogCloseButtonCommons</include>
		</control>
		<control type="list" id="11">
			<posx>0</posx>
			<posy>60</posy>
			<width>770</width>
			<height>720</height>
			<onleft>60</onleft>
			<onright>60</onright>
			<onup>11</onup>
			<ondown>11</ondown>
			<viewtype label="535">list</viewtype>
			<pagecontrol>60</pagecontrol>
			<scrolltime>200</scrolltime>
			<itemlayout height="90" width="770">
				<control type="image">
					<posx>0</posx>
					<posy>0</posy>
					<width>770</width>
					<height>90</height>
					<texture border="5">MenuItemNF.png</texture>
				</control>
				<control type="image">
					<posx>10</posx>
					<posy>10</posy>
					<width>70</width>
					<height>70</height>
					<texture background="true">$VAR[PosterThumb]</texture>
					<aspectratio>keep</aspectratio>
				</control>
				<control type="label">
					<posx>100</posx>
					<posy>0</posy>
					<width>660</width>
					<height>40</height>
					<font>font14</font>
					<textcolor>black</textcolor>
					<selectedcolor>selected</selectedcolor>
					<align>left</align>
					<aligny>center</aligny>
					<label>[B]$INFO[ListItem.ChannelNumberLabel,,. ]$INFO[ListItem.Label][/B]</label>
				</control>
				<control type="label">
					<posx>100</posx>
					<posy>28</posy>
					<width>660</width>
					<height>40</height>
					<font>font24_title</font>
					<textcolor>black</textcolor>
					<selectedcolor>selected</selectedcolor>
					<align>left</align>
					<aligny>center</aligny>
					<label>$INFO[ListItem.Title]</label>
				</control>
				<control type="label">
					<posx>100</posx>
					<posy>65</posy>
					<width>100</width>
					<height>20</height>
					<font>font10_title</font>
					<textcolor>blue</textcolor>
					<selectedcolor>blue</selectedcolor>
					<align>center</align>
					<label>$INFO[ListItem.StartTime]</label>
					<visible>ListItem.HasEpg</visible>
				</control>
				<control type="progress">
					<description>Progress</description>
					<posx>200</posx>
					<posy>65</posy>
					<width>470</width>
					<height>15</height>
					<info>ListItem.Progress</info>
				</control>
				<control type="label">
					<posx>670</posx>
					<posy>65</posy>
					<width>100</width>
					<height>20</height>
					<font>font10_title</font>
					<textcolor>blue</textcolor>
					<selectedcolor>blue</selectedcolor>
					<align>center</align>
					<label>$INFO[ListItem.EndTime]</label>
					<visible>ListItem.HasEpg</visible>
				</control>
			</itemlayout>
			<focusedlayout height="90" width="770">
				<control type="image">
					<posx>0</posx>
					<posy>0</posy>
					<width>770</width>
					<height>90</height>
					<texture border="5">MenuItemNF.png</texture>
					<include>VisibleFadeEffect</include>
				</control>
				<control type="image">
					<posx>10</posx>
					<posy>10</posy>
					<width>70</width>
					<height>70</height>
					<texture background="true">$VAR[PosterThumb]</texture>
					<aspectratio>keep</aspectratio>
				</control>
				<control type="label">
					<posx>100</posx>
					<posy>0</posy>
					<width>660</width>
					<height>40</height>
					<font>font14</font>
					<textcolor>black</textcolor>
					<selectedcolor>selected</selectedcolor>
					<align>left</align>
					<aligny>center</aligny>
					<label>[B]$INFO[ListItem.ChannelNumberLabel,,. ]$INFO[ListItem.Label][/B]</label>
				</control>
				<control type="label">
					<posx>100</posx>
					<posy>28</posy>
					<width>660</width>
					<height>40</height>
					<font>font24_title</font>
					<textcolor>black</textcolor>
					<selectedcolor>selected</selectedcolor>
					<align>left</align>
					<aligny>center</aligny>
					<label>$INFO[ListItem.Title]</label>
				</control>
				<control type="label">
					<posx>100</posx>
					<posy>65</posy>
					<width>100</width>
					<height>20</height>
					<font>font10_title</font>
					<textcolor>blue</textcolor>
					<selectedcolor>blue</selectedcolor>
					<align>center</align>
					<label>$INFO[ListItem.StartTime]</label>
					<visible>ListItem.HasEpg</visible>
				</control>
				<control type="progress">
					<description>Progress</description>
					<posx>200</posx>
					<posy>65</posy>
					<width>470</width>
					<height>15</height>
					<info>ListItem.Progress</info>
				</control>
				<control type="label">
					<posx>670</posx>
					<posy>65</posy>
					<width>100</width>
					<height>20</height>
					<font>font10_title</font>
					<textcolor>blue</textcolor>
					<selectedcolor>blue</selectedcolor>
					<align>center</align>
					<label>$INFO[ListItem.EndTime]</label>
					<visible>ListItem.HasEpg</visible>
				</control>
			</focusedlayout>
		</control>
		<control type="scrollbar" id="60">
			<posx>770</posx>
			<posy>60</posy>
			<width>29</width>
			<height>720</height>
			<texturesliderbackground border="0,14,0,14">ScrollBarV.png</texturesliderbackground>
			<texturesliderbar border="0,14,0,14">ScrollBarV_bar.png</texturesliderbar>
			<texturesliderbarfocus border="0,14,0,14">ScrollBarV_bar_focus.png</texturesliderbarfocus>
			<textureslidernib>ScrollBarNib.png</textureslidernib>
			<textureslidernibfocus>ScrollBarNib.png</textureslidernibfocus>
			<onleft>11</onleft>
			<onright>11</onright>
			<ondown>60</ondown>
			<onup>60</onup>
			<showonepage>false</showonepage>
			<orientation>vertical</orientation>
			<animation effect="fade" time="150">Visible</animation>
			<animation effect="fade" time="150">Hidden</animation>
		</control>
	</controls>
</window>
