﻿<?xml version="1.0" encoding="UTF-8" standalone="yes"?>
<addon id="plugin.video.StalkerAndy"
       name=" Stalker IPTV (Andy)"
       version="0.01"
       provider-name="Andy">
  <requires>
    <import addon="xbmc.python" version="2.1.0"/>
  </requires>
  <extension point="xbmc.python.pluginsource" library="addon.py">
    <provides>video</provides>
  </extension>
  <extension point="xbmc.addon.metadata">
    <summary>IPTV addon for Live TV Channels</summary>
    <description>
IPTV.  Clear cache if problems arise.
    </description>
    <platform>all</platform>
  </extension>
</addon>