<?xml version="1.0" encoding="UTF-8"?>
    <addon id="repository.Andy" name="[COLOR yellow]Andy[/COLOR] [COLOR red]Repository[/COLOR]" version="0.0.3" provider-name="Andy">
        <requires>
            <import addon="xbmc.addon" version="12.0.0"/>
        </requires>
        <extension point="xbmc.addon.repository" name="[COLOR yellow]Andy[/COLOR] [COLOR red]Repository[/COLOR]">
            <info compressed="false">https://raw.githubusercontent.com/halikus/_AndyRepo/master/_repo/addons.xml</info>
            <checksum>https://raw.githubusercontent.com/halikus/_AndyRepo/master/_repo/addons.xml.md5</checksum>
            <datadir zip="true">https://raw.githubusercontent.com/halikus/_AndyRepo/master/_repo/</datadir>
            <hashes>false</hashes>
        </extension>
        <extension point="xbmc.addon.metadata">
            <summary>[COLOR yellow]Andy[/COLOR] [COLOR red]Repository[/COLOR]</summary>
            <description>Download and install addons, repositories and backups of preconfigured apps and user settings.[CR]This is the source of my addons and used for automatic updates.</description>
            <platform>all</platform>
    </extension>
</addon>