<?xml version="1.0" encoding="UTF-8"?>
<includes>
	<include name="HomeSubMenuVideos">
		<control type="image" id="90101">
			<width>35</width>
			<height>35</height>
			<texture border="0,0,0,3" flipx="true">HomeSubEnd.png</texture>
		</control>

		<control type="button" id="90102">
			<include>HomeAddonItemsVideos</include>
			<include>ButtonHomeSubCommonValues</include>
			<label>342</label>
			<onclick>ActivateWindow(Videos,MovieTitles,return)</onclick>
			<visible>Library.HasContent(Movies) + Skin.HasSetting(HomeMenuNoMovieButton)</visible>
		</control>
		<control type="button" id="90103">
			<include>ButtonHomeSubCommonValues</include>
			<label>20343</label>
			<onclick>ActivateWindow(Videos,TvShowTitles,return)</onclick>
			<visible>Library.HasContent(TVShows) + Skin.HasSetting(HomeMenuNoTVShowButton)</visible>
		</control>
		<control type="button" id="90104">
			<include>ButtonHomeSubCommonValues</include>
			<label>20389</label>
			<onclick>ActivateWindow(Videos,MusicVideoTitles,return)</onclick>
			<visible>Library.HasContent(MusicVideos)</visible>
		</control>
		<control type="button" id="90105">
			<include>ButtonHomeSubCommonValues</include>
			<label>744</label>
			<onclick>ActivateWindow(Videos,Files,return)</onclick>
		</control>
		
		<control type="button" id="90107">
			<include>ButtonHomeSubCommonValues</include>
			<label>24001</label>
			<onclick>ActivateWindow(Videos,Addons,return)</onclick>
		</control>
				
		<control type="button" id="90106">
			<include>ButtonHomeSubCommonValues</include>
			<label>14022</label>
			<onclick>ActivateWindow(Videos,Root)</onclick>
			<visible>Library.HasContent(Video)</visible>
		</control>

		<control type="button" id="90162">
			<include>ButtonHomeSubCommonValues</include>
			<label>31328</label>
			<onclick>ActivateWindow(Videos,RecentlyAddedMovies,return)</onclick>
		</control>

		<control type="image" id="90108">
			<width>35</width>
			<height>35</height>
			<texture border="0,0,0,3">HomeSubEnd.png</texture>
		</control>
	</include>
	
	<include name="HomeSubMenuMovies">
		<control type="image" id="90161">
			<width>35</width>
			<height>35</height>
			<texture border="0,0,0,3" flipx="true">HomeSubEnd.png</texture>
		</control>
		<control type="button" id="90162">
			<include>ButtonHomeSubCommonValues</include>
			<label>31328</label>
			<onclick>ActivateWindow(Videos,RecentlyAddedMovies,return)</onclick>
		</control>
		<control type="button" id="90163">
			<include>ButtonHomeSubCommonValues</include>
			<label>20434</label>
			<onclick>ActivateWindow(Videos,MovieSets,return)</onclick>
			<visible>Library.HasContent(MovieSets)</visible>
		</control>
		<control type="button" id="90164">
			<include>ButtonHomeSubCommonValues</include>
			<label>369</label>
			<onclick>ActivateWindow(Videos,MovieTitles,return)</onclick>
		</control>
		<control type="button" id="90165">
			<include>ButtonHomeSubCommonValues</include>
			<label>135</label>
			<onclick>ActivateWindow(Videos,MovieGenres,return)</onclick>
		</control>
		<control type="button" id="90166">
			<include>ButtonHomeSubCommonValues</include>
			<label>652</label>
			<onclick>ActivateWindow(Videos,MovieYears,return)</onclick>
		</control>
		<control type="button" id="90167">
			<include>ButtonHomeSubCommonValues</include>
			<label>344</label>
			<onclick>ActivateWindow(Videos,MovieActors,return)</onclick>
		</control>
		<control type="image" id="90168">
			<width>35</width>
			<height>35</height>
			<texture border="0,0,0,3">HomeSubEnd.png</texture>
		</control>
	</include>
	
	<include name="HomeSubMenuTVShows">
		<control type="image" id="90171">
			<width>35</width>
			<height>35</height>
			<texture border="0,0,0,3" flipx="true">HomeSubEnd.png</texture>
		</control>
		<control type="button" id="90172">
			<include>ButtonHomeSubCommonValues</include>
			<label>31328</label>
			<onclick>ActivateWindow(Videos,RecentlyAddedEpisodes,return)</onclick>
		</control>
		<control type="button" id="90173">
			<include>ButtonHomeSubCommonValues</include>
			<label>369</label>
			<onclick>ActivateWindow(Videos,TVShowTitles,return)</onclick>
		</control>
		<control type="button" id="90174">
			<include>ButtonHomeSubCommonValues</include>
			<label>135</label>
			<onclick>ActivateWindow(Videos,TVShowGenres,return)</onclick>
		</control>
		<control type="button" id="90175">
			<include>ButtonHomeSubCommonValues</include>
			<label>652</label>
			<onclick>ActivateWindow(Videos,TVShowYears,return)</onclick>
		</control>
		<control type="button" id="90176">
			<include>ButtonHomeSubCommonValues</include>
			<label>344</label>
			<onclick>ActivateWindow(Videos,TVShowActors,return)</onclick>
		</control>
		<control type="image" id="90177">
			<width>35</width>
			<height>35</height>
			<texture border="0,0,0,3">HomeSubEnd.png</texture>
		</control>
	</include>
	
	<include name="HomeSubMenuMusic">
		<control type="image" id="90111">
			<width>35</width>
			<height>35</height>
			<texture border="0,0,0,3" flipx="true">HomeSubEnd.png</texture>
		</control>
		
		<control type="button" id="90113">
			<include>ButtonHomeSubCommonValues</include>
			<label>132</label>
			<onclick>ActivateWindow(Music,Albums,return)</onclick>
			<visible>Library.HasContent(Music)</visible>
		</control>
				
		<control type="button" id="90112">
			<include>ButtonHomeSubCommonValues</include>
			<label>133</label>
			<onclick>ActivateWindow(Music,Artists,return)</onclick>
			<visible>Library.HasContent(Music)</visible>
		</control>

		<control type="button" id="90114">
			<include>ButtonHomeSubCommonValues</include>
			<label>134</label>
			<onclick>ActivateWindow(Music,Songs,return)</onclick>
			<visible>Library.HasContent(Music)</visible>
		</control>
		<control type="button" id="90115">
			<include>ButtonHomeSubCommonValues</include>
			<label>744</label>
			<onclick>ActivateWindow(Music,Files,return)</onclick>
		</control>
		
			<control type="button" id="90117">
			<include>ButtonHomeSubCommonValues</include>
			<label>24001</label>
			<onclick>ActivateWindow(Music,Addons,return)</onclick>
		</control>
			
		<control type="button" id="90116">
			<include>ButtonHomeSubCommonValues</include>
			<label>14022</label>
			<onclick>ActivateWindow(Music,Root)</onclick>
			<visible>Library.HasContent(Music)</visible>
		</control>

		<control type="image" id="90119">
			<width>35</width>
			<height>35</height>
			<texture border="0,0,0,3">HomeSubEnd.png</texture>
		</control>
	</include>
	
	<include name="HomeSubMenuSystem">
		<control type="image" id="90121">
			<width>35</width>
			<height>35</height>
			<texture border="0,0,0,3" flipx="true">HomeSubEnd.png</texture>
		</control>
		<control type="button" id="90122">
			<include>ButtonHomeSubCommonValues</include>
			<label>5</label>
			<onclick>ActivateWindow(Settings)</onclick>
		</control>
		<control type="button" id="90123">
			<include>ButtonHomeSubCommonValues</include>
			<label>7</label>
			<onclick>ActivateWindow(FileManager)</onclick>
		</control>
		<control type="button" id="90124">
			<include>ButtonHomeSubCommonValues</include>
			<label>13200</label>
			<onclick>ActivateWindow(Profiles)</onclick>
		</control>
		<control type="button" id="90125">
			<include>ButtonHomeSubCommonValues</include>
			<label>130</label>
			<onclick>ActivateWindow(SystemInfo)</onclick>
		</control>
		<control type="button" id="90126">
			<include>ButtonHomeSubCommonValues</include>
			<label>14111</label>
			<onclick>ActivateWindow(EventLog,events://,return)</onclick>
			<visible>system.getbool(eventlog.enabled)</visible>
		</control>
		<control type="image" id="90127">
			<width>35</width>
			<height>35</height>
			<texture border="0,0,0,3">HomeSubEnd.png</texture>
		</control>
	</include>
	
	<include name="HomeSubMenuPlayDisc">
		<control type="image" id="90131">
			<width>35</width>
			<height>35</height>
			<texture border="0,0,0,3" flipx="true">HomeSubEnd.png</texture>
		</control>
		<control type="button" id="90132">
			<include>ButtonHomeSubCommonValues</include>
			<label>13391</label>
			<onclick>SetFocus(9000)</onclick>
			<onclick>EjectTray()</onclick>
		</control>
		<control type="image" id="90133">
			<width>35</width>
			<height>35</height>
			<texture border="0,0,0,3">HomeSubEnd.png</texture>
		</control>
	</include>
	<include name="HomeSubMenuPictures">
		<control type="image" id="90147">
			<width>35</width>
			<height>35</height>
			<texture border="0,0,0,3" flipx="true">HomeSubEnd.png</texture>
		</control>
		<control type="button" id="90148">
			<include>ButtonHomeSubCommonValues</include>
			<label>24001</label>
			<onclick>ActivateWindow(Pictures,Addons,return)</onclick>
		</control>
		<control type="image" id="90149">
			<width>35</width>
			<height>35</height>
			<texture border="0,0,0,3">HomeSubEnd.png</texture>
		</control>
	</include>
	
	<include name="HomeSubMenuTV">
		<control type="image" id="90141">
			<width>35</width>
			<height>35</height>
			<texture border="0,0,0,3" flipx="true">HomeSubEnd.png</texture>
		</control>	
		
		<control type="button" id="901453">
			<include>ButtonHomeSubCommonValues</include>
			<label>iVue Stalker</label>
		  <onclick>RunAddon(script.tvguidetecbox.Stalker)</onclick>
      <!--<onclick>RunScript(special://skin/gui.py)</onclick>-->
      <visible>System.HasAddon(script.tvguidetecbox.Stalker)</visible>     
		</control>		


		<control type="button" id="90147">
			<include>ButtonHomeSubCommonValues</include>
			<label>Stalker</label>
			<onclick>RunAddon(plugin.video.stalker)</onclick>
      <visible>System.HasAddon(plugin.video.stalker)</visible>
		</control>			
										
		<control type="button" id="90146">
			<include>ButtonHomeSubCommonValues</include>
			<label>i4atv</label>
			<onclick>RunAddon(plugin.video.i4atv)</onclick>
      <visible>System.HasAddon(plugin.video.i4atv)</visible>
		</control>	
		
		<control type="button" id="90143">
			<include>ButtonHomeSubCommonValues</include>
			<label>19019</label>
			<onclick>ActivateWindow(TVChannels)</onclick>
			<visible>PVR.HasTVChannels</visible>
		</control>
		<control type="button" id="90144">
			<include>ButtonHomeSubCommonValues</include>
			<label>22020</label>
			<onclick>ActivateWindow(TVGuide)</onclick>
			<visible>PVR.HasTVChannels</visible>
		</control>		
		<!--<control type="button" id="90145">
			<include>ButtonHomeSubCommonValues</include>
			<label>19163</label>
			<onclick>ActivateWindow(TVRecordings)</onclick>
		</control>
		<control type="button" id="90146">
			<include>ButtonHomeSubCommonValues</include>
			<label>19040</label>
			<onclick>ActivateWindow(TVTimers)</onclick>
		</control>
		<control type="button" id="90147">
			<include>ButtonHomeSubCommonValues</include>
			<label>137</label>
			<onclick>ActivateWindow(TVSearch)</onclick>
		</control>-->
						
		<control type="button" id="901452">
			<include>ButtonHomeSubCommonValues</include>
			<label>iVue Sports</label>
		  <onclick>RunAddon(script.tvguidetecbox.Sports)</onclick>
      <!--<onclick>RunScript(special://skin/gui.py)</onclick>-->
      <visible>System.HasAddon(script.tvguidetecbox.Sports)</visible>     
		</control>	
		
	  <control type="button" id="90145">
			<include>ButtonHomeSubCommonValues</include>
			<label>iVue Networks</label>
		  <onclick>RunAddon(script.tvguidetecbox.Networks)</onclick>
      <visible>System.HasAddon(script.tvguidetecbox.Networks)</visible>
		</control>
				
		<control type="button" id="901451">
			<include>ButtonHomeSubCommonValues</include>
			<label>iVue USA</label>
		  <onclick>RunAddon(script.tvguidetecbox.USA)</onclick>
      <!--<onclick>RunScript(special://skin/gui.py)</onclick>-->
      <visible>System.HasAddon(script.tvguidetecbox.USA)</visible>     
		</control>			
				
		<control type="button" id="901450">
			<include>ButtonHomeSubCommonValues</include>
			<label>iVue UK</label>
		  <onclick>RunAddon(script.tvguidetecbox.UK)</onclick>
      <visible>System.HasAddon(script.tvguidetecbox.UK)</visible>
		</control>	

		<control type="button" id="9014500">
			<include>ButtonHomeSubCommonValues</include>
			<label>iVue Kids</label>
		  <onclick>RunAddon(script.tvguidetecbox.Kids)</onclick>
      <visible>System.HasAddon(script.tvguidetecbox.Kids)</visible>
		</control>
	
		<control type="button" id="901477">
			<include>ButtonHomeSubCommonValues</include>
			<label>USTV Now</label>
			<onclick>RunAddon(plugin.video.ustvnow)</onclick>
      <visible>System.HasAddon(plugin.video.ustvnow)</visible>
		</control>
			
		
		<control type="image" id="90148">
			<width>35</width>
			<height>35</height>
			<texture border="0,0,0,3">HomeSubEnd.png</texture>
		</control>
	</include>
	<include name="HomeSubMenuRadio">
		<control type="image" id="90141">
			<width>35</width>
			<height>35</height>
			<texture border="0,0,0,3" flipx="true">HomeSubEnd.png</texture>
		</control>
		<control type="button" id="90243">
			<include>ButtonHomeSubCommonValues</include>
			<label>19019</label>
			<onclick>ActivateWindow(RadioChannels)</onclick>
		</control>
		<control type="button" id="90244">
			<include>ButtonHomeSubCommonValues</include>
			<label>22020</label>
			<onclick>ActivateWindow(RadioGuide)</onclick>
		</control>
		<control type="button" id="90245">
			<include>ButtonHomeSubCommonValues</include>
			<label>19163</label>
			<onclick>ActivateWindow(RadioRecordings)</onclick>
		</control>
		<control type="button" id="90246">
			<include>ButtonHomeSubCommonValues</include>
			<label>19040</label>
			<onclick>ActivateWindow(RadioTimers)</onclick>
		</control>
		<control type="button" id="90247">
			<include>ButtonHomeSubCommonValues</include>
			<label>137</label>
			<onclick>ActivateWindow(RadioSearch)</onclick>
		</control>
		<control type="image" id="90248">
			<width>35</width>
			<height>35</height>
			<texture border="0,0,0,3">HomeSubEnd.png</texture>
		</control>
	</include>
	
	<include name="HomeAddonItemsVideos">
		<item>
			<label>$INFO[system.addontitle(Skin.String(HomeVideosButton1))]</label>
			<onclick>RunAddon($INFO[Skin.String(HomeVideosButton1)])</onclick>
			<icon>$INFO[system.addonicon(Skin.String(HomeVideosButton1))]</icon>
			<thumb>-</thumb>
			<visible>!IsEmpty(Skin.String(HomeVideosButton1))</visible>
		</item>
		<item>
			<label>$INFO[system.addontitle(Skin.String(HomeVideosButton2))]</label>
			<onclick>RunAddon($INFO[Skin.String(HomeVideosButton2)])</onclick>
			<icon>$INFO[system.addonicon(Skin.String(HomeVideosButton2))]</icon>
			<thumb>-</thumb>
			<visible>!IsEmpty(Skin.String(HomeVideosButton2))</visible>
		</item>
		<item>
			<label>$INFO[system.addontitle(Skin.String(HomeVideosButton3))]</label>
			<onclick>RunAddon($INFO[Skin.String(HomeVideosButton3)])</onclick>
			<icon>$INFO[system.addonicon(Skin.String(HomeVideosButton3))]</icon>
			<thumb>-</thumb>
			<visible>!IsEmpty(Skin.String(HomeVideosButton3))</visible>
		</item>
		<item>
			<label>$INFO[system.addontitle(Skin.String(HomeVideosButton4))]</label>
			<onclick>RunAddon($INFO[Skin.String(HomeVideosButton4)])</onclick>
			<icon>$INFO[system.addonicon(Skin.String(HomeVideosButton4))]</icon>
			<thumb>-</thumb>
			<visible>!IsEmpty(Skin.String(HomeVideosButton4))</visible>
		</item>
		<item>
			<label>$INFO[system.addontitle(Skin.String(HomeVideosButton5))]</label>
			<onclick>RunAddon($INFO[Skin.String(HomeVideosButton5)])</onclick>
			<icon>$INFO[system.addonicon(Skin.String(HomeVideosButton5))]</icon>
			<thumb>-</thumb>
			<visible>!IsEmpty(Skin.String(HomeVideosButton5))</visible>
		</item>
		
		<item>
			<label>$INFO[system.addontitle(Skin.String(HomeVideosButton6))]</label>
			<onclick>RunAddon($INFO[Skin.String(HomeVideosButton6)])</onclick>
			<icon>$INFO[system.addonicon(Skin.String(HomeVideosButton6))]</icon>
			<thumb>-</thumb>
			<visible>!IsEmpty(Skin.String(HomeVideosButton6))</visible>
		</item>
		
		<item>
			<label>$INFO[system.addontitle(Skin.String(HomeVideosButton7))]</label>
			<onclick>RunAddon($INFO[Skin.String(HomeVideosButton7)])</onclick>
			<icon>$INFO[system.addonicon(Skin.String(HomeVideosButton7))]</icon>
			<thumb>-</thumb>
			<visible>!IsEmpty(Skin.String(HomeVideosButton7))</visible>
		</item>

		<item>
			<label>$INFO[system.addontitle(Skin.String(HomeVideosButton8))]</label>
			<onclick>RunAddon($INFO[Skin.String(HomeVideosButton8)])</onclick>
			<icon>$INFO[system.addonicon(Skin.String(HomeVideosButton8))]</icon>
			<thumb>-</thumb>
			<visible>!IsEmpty(Skin.String(HomeVideosButton8))</visible>
		</item>

		<item>
			<label>$INFO[system.addontitle(Skin.String(HomeVideosButton9))]</label>
			<onclick>RunAddon($INFO[Skin.String(HomeVideosButton9)])</onclick>
			<icon>$INFO[system.addonicon(Skin.String(HomeVideosButton9))]</icon>
			<thumb>-</thumb>
			<visible>!IsEmpty(Skin.String(HomeVideosButton9))</visible>
		</item>
				
	</include>
	<include name="HomeAddonItemsMusic">
		<item>
			<label>$INFO[system.addontitle(Skin.String(HomeMusicButton1))]</label>
			<onclick>RunAddon($INFO[Skin.String(HomeMusicButton1)])</onclick>
			<icon>$INFO[system.addonicon(Skin.String(HomeMusicButton1))]</icon>
			<thumb>-</thumb>
			<visible>!IsEmpty(Skin.String(HomeMusicButton1))</visible>
		</item>
		<item>
			<label>$INFO[system.addontitle(Skin.String(HomeMusicButton2))]</label>
			<onclick>RunAddon($INFO[Skin.String(HomeMusicButton2)])</onclick>
			<icon>$INFO[system.addonicon(Skin.String(HomeMusicButton2))]</icon>
			<thumb>-</thumb>
			<visible>!IsEmpty(Skin.String(HomeMusicButton2))</visible>
		</item>
		<item>
			<label>$INFO[system.addontitle(Skin.String(HomeMusicButton3))]</label>
			<onclick>RunAddon($INFO[Skin.String(HomeMusicButton3)])</onclick>
			<icon>$INFO[system.addonicon(Skin.String(HomeMusicButton3))]</icon>
			<thumb>-</thumb>
			<visible>!IsEmpty(Skin.String(HomeMusicButton3))</visible>
		</item>
		<item>
			<label>$INFO[system.addontitle(Skin.String(HomeMusicButton4))]</label>
			<onclick>RunAddon($INFO[Skin.String(HomeMusicButton4)])</onclick>
			<icon>$INFO[system.addonicon(Skin.String(HomeMusicButton4))]</icon>
			<thumb>-</thumb>
			<visible>!IsEmpty(Skin.String(HomeMusicButton4))</visible>
		</item>
		<item>
			<label>$INFO[system.addontitle(Skin.String(HomeMusicButton5))]</label>
			<onclick>RunAddon($INFO[Skin.String(HomeMusicButton5)])</onclick>
			<icon>$INFO[system.addonicon(Skin.String(HomeMusicButton5))]</icon>
			<thumb>-</thumb>
			<visible>!IsEmpty(Skin.String(HomeMusicButton5))</visible>
		</item>

		<item>
			<label>$INFO[system.addontitle(Skin.String(HomeMusicButton6))]</label>
			<onclick>RunAddon($INFO[Skin.String(HomeMusicButton6)])</onclick>
			<icon>$INFO[system.addonicon(Skin.String(HomeMusicButton6))]</icon>
			<thumb>-</thumb>
			<visible>!IsEmpty(Skin.String(HomeMusicButton6))</visible>
		</item>

		<item>
			<label>$INFO[system.addontitle(Skin.String(HomeMusicButton7))]</label>
			<onclick>RunAddon($INFO[Skin.String(HomeMusicButton7)])</onclick>
			<icon>$INFO[system.addonicon(Skin.String(HomeMusicButton7))]</icon>
			<thumb>-</thumb>
			<visible>!IsEmpty(Skin.String(HomeMusicButton7))</visible>
		</item>

		<item>
			<label>$INFO[system.addontitle(Skin.String(HomeMusicButton8))]</label>
			<onclick>RunAddon($INFO[Skin.String(HomeMusicButton8)])</onclick>
			<icon>$INFO[system.addonicon(Skin.String(HomeMusicButton8))]</icon>
			<thumb>-</thumb>
			<visible>!IsEmpty(Skin.String(HomeMusicButton8))</visible>
		</item>

		<item>
			<label>$INFO[system.addontitle(Skin.String(HomeMusicButton9))]</label>
			<onclick>RunAddon($INFO[Skin.String(HomeMusicButton9)])</onclick>
			<icon>$INFO[system.addonicon(Skin.String(HomeMusicButton9))]</icon>
			<thumb>-</thumb>
			<visible>!IsEmpty(Skin.String(HomeMusicButton9))</visible>
		</item>
	
	</include>
	<include name="HomeAddonItemsPictures">
		<item>
			<label>$INFO[system.addontitle(Skin.String(HomePictureButton1))]</label>
			<onclick>RunAddon($INFO[Skin.String(HomePictureButton1)])</onclick>
			<icon>$INFO[system.addonicon(Skin.String(HomePictureButton1))]</icon>
			<thumb>-</thumb>
			<visible>!IsEmpty(Skin.String(HomePictureButton1))</visible>
		</item>
		<item>
			<label>$INFO[system.addontitle(Skin.String(HomePictureButton2))]</label>
			<onclick>RunAddon($INFO[Skin.String(HomePictureButton2)])</onclick>
			<icon>$INFO[system.addonicon(Skin.String(HomePictureButton2))]</icon>
			<thumb>-</thumb>
			<visible>!IsEmpty(Skin.String(HomePictureButton2))</visible>
		</item>
		<item>
			<label>$INFO[system.addontitle(Skin.String(HomePictureButton3))]</label>
			<onclick>RunAddon($INFO[Skin.String(HomePictureButton3)])</onclick>
			<icon>$INFO[system.addonicon(Skin.String(HomePictureButton3))]</icon>
			<thumb>-</thumb>
			<visible>!IsEmpty(Skin.String(HomePictureButton3))</visible>
		</item>
		<item>
			<label>$INFO[system.addontitle(Skin.String(HomePictureButton4))]</label>
			<onclick>RunAddon($INFO[Skin.String(HomePictureButton4)])</onclick>
			<icon>$INFO[system.addonicon(Skin.String(HomePictureButton4))]</icon>
			<thumb>-</thumb>
			<visible>!IsEmpty(Skin.String(HomePictureButton4))</visible>
		</item>
		<item>
			<label>$INFO[system.addontitle(Skin.String(HomePictureButton5))]</label>
			<onclick>RunAddon($INFO[Skin.String(HomePictureButton5)])</onclick>
			<icon>$INFO[system.addonicon(Skin.String(HomePictureButton5))]</icon>
			<thumb>-</thumb>
			<visible>!IsEmpty(Skin.String(HomePictureButton5))</visible>
		</item>
		
	</include>
	<include name="HomeAddonItemsPrograms">
		<item>
			<label>$INFO[system.addontitle(Skin.String(HomeProgramButton1))]</label>
			<onclick>RunAddon($INFO[Skin.String(HomeProgramButton1)])</onclick>
			<icon>$INFO[system.addonicon(Skin.String(HomeProgramButton1))]</icon>
			<thumb>-</thumb>
			<visible>!IsEmpty(Skin.String(HomeProgramButton1))</visible>
		</item>
		<item>
			<label>$INFO[system.addontitle(Skin.String(HomeProgramButton2))]</label>
			<onclick>RunAddon($INFO[Skin.String(HomeProgramButton2)])</onclick>
			<icon>$INFO[system.addonicon(Skin.String(HomeProgramButton2))]</icon>
			<thumb>-</thumb>
			<visible>!IsEmpty(Skin.String(HomeProgramButton2))</visible>
		</item>
		<item>
			<label>$INFO[system.addontitle(Skin.String(HomeProgramButton3))]</label>
			<onclick>RunAddon($INFO[Skin.String(HomeProgramButton3)])</onclick>
			<icon>$INFO[system.addonicon(Skin.String(HomeProgramButton3))]</icon>
			<thumb>-</thumb>
			<visible>!IsEmpty(Skin.String(HomeProgramButton3))</visible>
		</item>
		<item>
			<label>$INFO[system.addontitle(Skin.String(HomeProgramButton4))]</label>
			<onclick>RunAddon($INFO[Skin.String(HomeProgramButton4)])</onclick>
			<icon>$INFO[system.addonicon(Skin.String(HomeProgramButton4))]</icon>
			<thumb>-</thumb>
			<visible>!IsEmpty(Skin.String(HomeProgramButton4))</visible>
		</item>
		<item>
			<label>$INFO[system.addontitle(Skin.String(HomeProgramButton5))]</label>
			<onclick>RunAddon($INFO[Skin.String(HomeProgramButton5)])</onclick>
			<icon>$INFO[system.addonicon(Skin.String(HomeProgramButton5))]</icon>
			<thumb>-</thumb>
			<visible>!IsEmpty(Skin.String(HomeProgramButton5))</visible>
		</item>
		
		<item>
			<label>$INFO[system.addontitle(Skin.String(HomeProgramButton6))]</label>
			<onclick>RunAddon($INFO[Skin.String(HomeProgramButton6)])</onclick>
			<icon>$INFO[system.addonicon(Skin.String(HomeProgramButton6))]</icon>
			<thumb>-</thumb>
			<visible>!IsEmpty(Skin.String(HomeProgramButton6))</visible>
		</item>

		<item>
			<label>$INFO[system.addontitle(Skin.String(HomeProgramButton7))]</label>
			<onclick>RunAddon($INFO[Skin.String(HomeProgramButton7)])</onclick>
			<icon>$INFO[system.addonicon(Skin.String(HomeProgramButton7))]</icon>
			<thumb>-</thumb>
			<visible>!IsEmpty(Skin.String(HomeProgramButton7))</visible>
		</item>
		
		<item>
			<label>$INFO[system.addontitle(Skin.String(HomeProgramButton8))]</label>
			<onclick>RunAddon($INFO[Skin.String(HomeProgramButton8)])</onclick>
			<icon>$INFO[system.addonicon(Skin.String(HomeProgramButton8))]</icon>
			<thumb>-</thumb>
			<visible>!IsEmpty(Skin.String(HomeProgramButton8))</visible>
		</item>
		
		<item>
			<label>$INFO[system.addontitle(Skin.String(HomeProgramButton9))]</label>
			<onclick>RunAddon($INFO[Skin.String(HomeProgramButton9)])</onclick>
			<icon>$INFO[system.addonicon(Skin.String(HomeProgramButton9))]</icon>
			<thumb>-</thumb>
			<visible>!IsEmpty(Skin.String(HomeProgramButton9))</visible>
		</item>

	</include>
	
	
</includes>
