﻿<?xml version="1.0" encoding="UTF-8" standalone="yes"?>
<addon id="plugin.video.Cypher-S-hack"
       name="Cypher Stalker Hack"
       version="1.0"
       provider-name="Cypher">
  <requires>
    <import addon="xbmc.python" version="2.1.0"/>
  </requires>
  <extension point="xbmc.python.pluginsource" library="addon.py">
    <provides>video</provides>
  </extension>
  <extension point="xbmc.addon.metadata">
    <summary>Cypher StalkerTv Hack</summary>
    <description>
This is a Stalker hack to make it FREE!
    </description>
    <platform>all</platform>
  </extension>
</addon>