﻿<?xml version="1.0" encoding="UTF-8" standalone="yes"?>
<addon id="plugin.video.Wild TV-Stalker" name="Wild TV Stalker" version="1.0.0" provider-name="xxxx">
    <requires>
		<import addon="xbmc.python" version="2.14.0"/>
	</requires>
	<extension point="xbmc.python.pluginsource" library="addon.py">
		<provides>video</provides>
	</extension>
	<extension point="xbmc.service" library="server.py" start="startup" />
	<extension point="xbmc.addon.metadata">
		<platform>all</platform>
		<summary lang="en">xxxx</summary>
		<description lang="en">Wild TV Stalker addon </description>
		<license>GNU General Public License, v2</license>
		<language></language>
	
	</extension>
</addon>