<?xml version="1.0" encoding="UTF-8" standalone="yes"?>
<addon id="plugin.program.forceclose" version="0.0.1"
	name="  [COLOR red]Force Close Kodi[/COLOR]" provider-name="Andy">
	
  <requires>
    <import addon="xbmc.python" version="2.1.0"/>
  </requires>
  
  <extension point="xbmc.python.pluginsource" library="default.py">
        <provides>executable</provides>
  </extension>
  
  <extension point="xbmc.addon.metadata">
    <summary lang="en">[COLOR red]Force Close Kodi[/COLOR]</summary>
    <description lang="en">Force Close Kodi so that it immediatly closes.  This is alot quicker than unloading all processes.</description>
    <platform>all</platform>
    <forum></forum>
    <website>https://raw.githubusercontent.com/halikus/_AndyRepo/master/_repo/</website>
  </extension>
</addon>
